{
 "description": "MaxEnt reweighting of sherpa_prior_13TeV_m to Wan-Li N4LLp+N3LO. Per event, fully local: w_rew = w0 * exp( sum_k lambda_physical[k]*phi_k - log_norm_shift ). The shift already fixes the normalization (sum w_rew = sum w0); no global max or renormalization needed.",
 "n_moments": 41,
 "moments": [
  "const^0\u00d7lndphi^1",
  "const^0\u00d7lndphi^2",
  "const^0\u00d7dphi^1*lndphi^4",
  "const^0\u00d7dphi^1*lndphi^5",
  "const^0\u00d7dphi^2",
  "const^0\u00d7dphi^2*lndphi^2",
  "const^0\u00d7dphi^2*lndphi^4",
  "const^0\u00d7dphi^3",
  "const^0\u00d7dphi^3*lndphi^1",
  "const^0\u00d7dphi^3*lndphi^2",
  "const^0\u00d7dphi^3*lndphi^3",
  "const^0\u00d7dphi^3*lndphi^4",
  "const^0\u00d7dphi^3*lndphi^5",
  "const^0\u00d7dphi^4",
  "const^0\u00d7dphi^4*lndphi^1",
  "const^0\u00d7dphi^4*lndphi^2",
  "const^0\u00d7dphi^4*lndphi^3",
  "const^0\u00d7dphi^4*lndphi^4",
  "const^0\u00d7dphi^4*lndphi^5",
  "const^0\u00d7dphi^5",
  "const^0\u00d7dphi^5*lndphi^1",
  "const^0\u00d7dphi^5*lndphi^2",
  "const^0\u00d7dphi^5*lndphi^3",
  "const^0\u00d7dphi^5*lndphi^4",
  "const^0\u00d7dphi^5*lndphi^5",
  "lnrt^1\u00d7const^0",
  "lnrt^1\u00d7dphi^1",
  "lnrt^1\u00d7dphi^2",
  "lnrt^1\u00d7dphi^3",
  "lnrt^1\u00d7dphi^4",
  "lnrt^1\u00d7dphi^5",
  "lnrt^1\u00d7lndphi^1",
  "lnrt^2\u00d7const^0",
  "lnrt^2\u00d7dphi^1",
  "lnrt^2\u00d7dphi^2",
  "lnrt^2\u00d7dphi^4",
  "lnrt^2\u00d7dphi^5",
  "lnrt^3\u00d7dphi^2",
  "lnrt^5\u00d7dphi^2",
  "rt^1\u00d7lndphi^2",
  "rt^1\u00d7lndphi^3"
 ],
 "lambda_physical": [
  -1.4854605494584292,
  -0.11230795099410794,
  0.15481817873398618,
  0.10187149290383848,
  -6.099081383002261,
  -6.848637504798765,
  -0.07350639771574052,
  8.4390399936799,
  -12.492956660854784,
  18.674653160034552,
  -11.648059631623731,
  9.619466226483155,
  -1.032228542384781,
  0.6217110369751883,
  -0.5407250608625375,
  0.13201580290136677,
  -1.672923512795721,
  1.117694401796296,
  -0.9877286271164968,
  -0.11658854818277671,
  -0.2439184150469832,
  -0.20934824328075258,
  -0.10015026509976746,
  0.15656285095494182,
  0.11150691659308291,
  -0.1859135230915958,
  -0.04233183719367909,
  0.6665774636719359,
  -0.37257317557278924,
  0.03150324950975912,
  0.007967925736760473,
  -0.049809969607622656,
  -0.004602760387626258,
  -0.10945438737972138,
  0.2206203155756185,
  -0.06689918749274151,
  0.015726796494241416,
  -0.005359052233573941,
  0.0008626750433165883,
  0.010803345415437203,
  0.006182030229167581
 ],
 "log_norm_shift": 2.854977221928941,
 "feature_convention": {
  "phi_k": "product over the two parts of moment name \"A\u00d7B\" (A=rt-side, B=dphi-side)",
  "monomials": "rt^k=rt**k, dphi^k=dphi**k, lnrt^k=log(rt)**k, lndphi^k=log(dphi)**k, const^0=1; parts within a side joined by *",
  "vars": "rt=qT/m_ll, dphi=pi-Delta_phi_ll; clip log args at 1e-12"
 },
 "standardization_note": "lambda_physical already folds in the unit-std feature scaling; apply directly to raw monomials. (lambda_standardized + sF,sG given only for cross-check.)",
 "lambda_standardized": [
  -2.1056387343807974,
  -0.5439860477599741,
  0.24335509560729882,
  0.4988203445855954,
  -18.01019619887447,
  -22.917336487954373,
  -0.28516008165563833,
  72.11909565735586,
  -114.72296467035744,
  183.94580715785324,
  -124.41822724115185,
  111.86014800676236,
  -13.160677296305668,
  15.480928206902334,
  -14.537500503758086,
  3.846537544688328,
  -53.158098143724665,
  38.90682428839963,
  -37.822045159345755,
  -8.535718422836744,
  -19.39862621311721,
  -18.16496335666572,
  -9.525107802046241,
  16.38355132391643,
  12.880482990518052,
  -0.25864377199939875,
  -0.05816075169881131,
  2.738392435563709,
  -4.429552516437566,
  1.0913267903822945,
  0.8115597653494523,
  -0.09822681444413399,
  -0.01674993391366691,
  -0.3933686587411416,
  2.370796339921031,
  -6.062112526241348,
  4.190049792262831,
  -0.24330371803476844,
  1.1090932508317526,
  0.1916679215398269,
  0.6670288415708737
 ],
 "sF": [
  1.0,
  1.0,
  1.0,
  1.0,
  1.0,
  1.0,
  1.0,
  1.0,
  1.0,
  1.0,
  1.0,
  1.0,
  1.0,
  1.0,
  1.0,
  1.0,
  1.0,
  1.0,
  1.0,
  1.0,
  1.0,
  1.0,
  1.0,
  1.0,
  1.0,
  1.3912047262531313,
  1.3912047262531313,
  1.3912047262531313,
  1.3912047262531313,
  1.3912047262531313,
  1.3912047262531313,
  1.3912047262531313,
  3.6391062108503998,
  3.6391062108503998,
  3.6391062108503998,
  3.6391062108503998,
  3.6391062108503998,
  15.37470317603257,
  435.37833342229305,
  3.6628059767832086,
  3.6628059767832086
 ],
 "sG": [
  1.4174989266113283,
  4.843700227319733,
  1.5718767498579076,
  4.8965645870769405,
  2.952935871468727,
  3.346262153880454,
  3.8793913253427554,
  8.545888597680154,
  9.18301149877742,
  9.85002535691072,
  10.681455210219253,
  11.628519231015385,
  12.749770768690677,
  24.900520155186115,
  26.885198330864476,
  29.136947699831047,
  31.775569975036717,
  34.80989457035014,
  38.29193983145015,
  73.21232278709944,
  79.5291581793063,
  86.76912245356205,
  95.10816364347654,
  104.64520302221344,
  115.51286130099184,
  1.0,
  0.9875790065503721,
  2.952935871468727,
  8.545888597680154,
  24.900520155186115,
  73.21232278709944,
  1.4174989266113283,
  1.0,
  0.9875790065503721,
  2.952935871468727,
  24.900520155186115,
  73.21232278709944,
  2.952935871468727,
  2.952935871468727,
  4.843700227319733,
  29.457750140664963
 ],
 "gating": {
  "variable": "qT [GeV]",
  "full_reweight_below": 120,
  "window_GeV": [
   120,
   200
  ],
  "his_region_above": 200,
  "beta(qT)": "b = 1 - (6 t^5 - 15 t^4 + 10 t^3),  t = clip((qT-120)/80, 0, 1)   [1 below 120, 0 above 200]",
  "combine": "w = b*w_rew + (1-b)*w0*s_i ;  w_rew = w0*exp(logit - log_norm_shift) ;  s_i = your event-level tail factor (s_i=1 => revert to prior)",
  "why": "qT=200 GeV is the edge of the N4LLp+N3LO prediction; q0=120 is where its theory-stat reaches ~5% (~size of the correction). taper systematic = 0.21x theory band."
 },
 "closure": "reproduces the 52 N4LLp+N3LO moments to median 0.33% / max 4%; central N_eff=4.77%"
}